Strategy,FitType,CVOrder,FitLLH,CVLLH
comb,all,0,-5671.276553515555,-5559.72970737828
comb,all,1,-5664.316765496606,-5566.548801972156
comb,all,2,-5909.54286590353,-5381.994786733744
comb,all,3,-5787.401863972761,-5451.587517510915
comb,all,4,-5405.424897011666,-5919.955351634767
comb,all,5,-5595.66868363326,-5748.6656074549865
comb,all,6,-5536.493079747476,-5693.269096571798
comb,all,7,-5644.3743870818,-5627.063930289063
comb,all,8,-5657.526156732464,-5585.833092240822
comb,all,9,-5570.165626825747,-5663.622179285081
comb,all,10,-5557.823287842519,-5687.00252762785
comb,all,11,-5735.714204198734,-5508.050616088602
comb,all,12,-5479.659384898629,-5745.736205810852
comb,all,13,-5686.020052809168,-5552.328699572733
comb,all,14,-5846.058297849404,-5734.715087326647
comb,all,15,-5697.574430859714,-5551.955337744682
comb,all,16,-5669.391491072876,-5630.592197072109
comb,all,17,-5712.937451911917,-5512.952623678919
comb,all,18,-5835.799591926138,-5417.748447068497
comb,all,19,-5731.923441744138,-5568.060210632804
comb,all,20,-5588.453410788775,-5634.332745894891
comb,all,21,-5625.50619582604,-5663.046071211989
comb,all,22,-5728.642834185845,-5509.121900237055
comb,all,23,-5612.333661315161,-5624.118189484135
comb,all,24,-5441.480759033556,-5791.762532958652
comb,all,25,-5531.024341344414,-5689.337665885912
comb,all,26,-5746.520850687552,-5514.677772048924
comb,all,27,-5671.548983928176,-5599.690368630936
comb,all,28,-5518.106493332764,-5715.418545135009
comb,all,29,-5679.173093723706,-5618.39392301042
comb,all,30,-5558.803941252853,-5673.975203508195
comb,all,31,-5783.593657113591,-5458.874351308611
comb,all,32,-5621.475415267987,-5618.254878833199
comb,all,33,-5496.1258009336525,-5750.683699017836
comb,all,34,-5566.134443938315,-5633.572969302514
comb,all,35,-5715.563208528448,-5511.008642501824
comb,all,36,-5742.641696910189,-5498.364594786383
comb,all,37,-5567.162326226699,-5670.873503263769
comb,all,38,-5627.072972272037,-5619.310074514395
comb,all,39,-5658.219171232153,-5603.29590811491
comb,all,40,-5782.432927207687,-5517.337221426313
comb,all,41,-5553.374746180892,-5670.279055588891
comb,all,42,-5602.220295711618,-5708.507449975499
comb,all,43,-5613.197330684634,-5613.760836658977
comb,all,44,-5522.242445113818,-5717.186614293312
comb,all,45,-5628.7280114464775,-5609.319851148377
comb,all,46,-5616.50850488655,-5620.373048969897
comb,all,47,-5607.66440588047,-5664.0277391288855
comb,all,48,-5689.350768089706,-5542.629466023218
comb,all,49,-5536.644905682939,-5680.057656667566
inc_dist,all,0,-5668.107562609919,-5571.957656610934
inc_dist,all,1,-5657.100346508907,-5555.966634222908
inc_dist,all,2,-5865.412745685998,-5342.098491462373
inc_dist,all,3,-5786.091475029506,-5432.443842117048
inc_dist,all,4,-5352.6488326564495,-5865.996113476619
inc_dist,all,5,-5509.918691119719,-5706.2326002844975
inc_dist,all,6,-5526.232115124325,-5696.845340931653
inc_dist,all,7,-5635.791891388348,-5593.510788441213
inc_dist,all,8,-5648.936222122412,-5587.979355750211
inc_dist,all,9,-5563.85831807873,-5644.21649637046
inc_dist,all,10,-5542.1344464549575,-5671.590272634365
inc_dist,all,11,-5723.15860140307,-5499.802564030606
inc_dist,all,12,-5480.755315468802,-5737.155234699254
inc_dist,all,13,-5691.999815563298,-5539.241229708677
inc_dist,all,14,-5586.904318475786,-5630.827797107092
inc_dist,all,15,-5698.602355517579,-5524.400052598788
inc_dist,all,16,-5624.438767093194,-5612.231822143066
inc_dist,all,17,-5707.07809447371,-5510.318566242816
inc_dist,all,18,-5802.588999061157,-5427.281787861155
inc_dist,all,19,-5686.404030835594,-5541.978254820871
inc_dist,all,20,-5597.115214734763,-5626.023932050154
inc_dist,all,21,-5573.559297009772,-5648.945417747463
inc_dist,all,22,-5716.56387447137,-5505.065952224401
inc_dist,all,23,-5612.475755378642,-5619.690750779943
inc_dist,all,24,-5437.160273174235,-5775.2883768941465
inc_dist,all,25,-5539.221609037121,-5684.480595553969
inc_dist,all,26,-5727.767880957796,-5508.841212825933
inc_dist,all,27,-5652.751568706107,-5560.838531977012
inc_dist,all,28,-5515.827239440897,-5708.080305226886
inc_dist,all,29,-5638.116401220677,-5600.052242602401
inc_dist,all,30,-5556.969969090829,-5647.302213543382
inc_dist,all,31,-5777.158717532091,-5439.430967151651
inc_dist,all,32,-5604.1472614604845,-5604.806087884708
inc_dist,all,33,-5466.235745140046,-5754.451696129402
inc_dist,all,34,-5573.556554818079,-5629.345133263862
inc_dist,all,35,-5706.197784377829,-5504.505175990831
inc_dist,all,36,-5742.024498639454,-5487.866277051568
inc_dist,all,37,-5557.867325869005,-5661.743404304789
inc_dist,all,38,-5614.489075243269,-5619.701986524279
inc_dist,all,39,-5629.457326950983,-5608.003096937204
inc_dist,all,40,-5713.305205470264,-5495.849494772739
inc_dist,all,41,-5558.917403829504,-5666.484770115385
inc_dist,all,42,-5550.654126529552,-5672.839481251925
inc_dist,all,43,-5610.817628812909,-5607.824126723982
inc_dist,all,44,-5523.686935217088,-5701.040913276345
inc_dist,all,45,-5606.580468265854,-5608.977443220021
inc_dist,all,46,-5600.922966660051,-5612.891026949186
inc_dist,all,47,-5588.999253466,-5638.20401074537
inc_dist,all,48,-5695.200239497774,-5542.752673270284
inc_dist,all,49,-5536.156198307166,-5673.181328089175
base_strats,all,0,-5683.498246616892,-5574.238425334952
base_strats,all,1,-5667.112983521847,-5582.439139969142
base_strats,all,2,-5878.615471604123,-5367.268544803997
base_strats,all,3,-5789.732189313009,-5465.045469867475
base_strats,all,4,-5340.7868783335625,-5896.77734518773
base_strats,all,5,-5521.683964618271,-5711.339475185448
base_strats,all,6,-5524.465792925384,-5714.883669123325
base_strats,all,7,-5622.052863679114,-5622.397944184848
base_strats,all,8,-5647.232094658028,-5581.292812326365
base_strats,all,9,-5582.072344249866,-5669.612492631995
base_strats,all,10,-5566.461388867114,-5684.5298339195
base_strats,all,11,-5748.60862053559,-5518.173394583431
base_strats,all,12,-5482.742331490735,-5757.82353393488
base_strats,all,13,-5695.017682905888,-5543.994196589552
base_strats,all,14,-5591.072460707916,-5649.782003258718
base_strats,all,15,-5698.232871275225,-5553.922532334233
base_strats,all,16,-5635.686433738021,-5617.959062976603
base_strats,all,17,-5724.483834571137,-5519.985542586947
base_strats,all,18,-5807.781196595294,-5434.276254485936
base_strats,all,19,-5697.921605152401,-5561.656790049588
base_strats,all,20,-5603.997420312692,-5647.935794385284
base_strats,all,21,-5573.446280556579,-5662.365716022905
base_strats,all,22,-5726.138790089577,-5517.139446702043
base_strats,all,23,-5614.035488659839,-5624.012752655988
base_strats,all,24,-5451.154021180725,-5793.855225859847
base_strats,all,25,-5547.3063543473645,-5687.015286525954
base_strats,all,26,-5725.643314587247,-5534.582916036015
base_strats,all,27,-5662.133342866451,-5591.192741379491
base_strats,all,28,-5508.950738630078,-5714.354944703932
base_strats,all,29,-5638.769475413371,-5620.1012926703925
base_strats,all,30,-5558.663083676496,-5674.645307779616
base_strats,all,31,-5797.323262436034,-5461.274420453273
base_strats,all,32,-5625.529767887211,-5623.107716741922
base_strats,all,33,-5508.509627696048,-5749.892260318878
base_strats,all,34,-5579.199040086411,-5659.103914570153
base_strats,all,35,-5722.596788114768,-5518.299565676654
base_strats,all,36,-5747.976267509709,-5495.633638297308
base_strats,all,37,-5573.08519341303,-5665.58081654629
base_strats,all,38,-5629.887782582584,-5623.058434717199
base_strats,all,39,-5613.98361030072,-5624.91600580202
base_strats,all,40,-5736.300490345715,-5506.313452403072
base_strats,all,41,-5550.065449179092,-5689.203055230228
base_strats,all,42,-5548.355501887856,-5706.340517947628
base_strats,all,43,-5626.012862005959,-5625.255024971754
base_strats,all,44,-5517.459395436472,-5722.902043866654
base_strats,all,45,-5613.740054747854,-5597.824520145856
base_strats,all,46,-5623.853876907891,-5628.365400609165
base_strats,all,47,-5600.119664467837,-5647.171810583254
base_strats,all,48,-5700.42346769405,-5551.744032481812
base_strats,all,49,-5538.470799118579,-5683.949880328823
no_phys,all,0,-6150.596015190036,-6204.82490244397
no_phys,all,1,-6326.811632757111,-6049.889930168894
no_phys,all,2,-6405.631795666789,-5960.224607633097
no_phys,all,3,-6324.154956005351,-6073.592478627518
no_phys,all,4,-5958.345235363526,-6406.311251210351
no_phys,all,5,-6087.120891912239,-6321.686159495568
no_phys,all,6,-6122.987578353184,-6234.421841077717
no_phys,all,7,-6136.6871786242455,-6228.954224227826
no_phys,all,8,-6248.880899730504,-6094.289996233727
no_phys,all,9,-6129.695225419796,-6231.659417519952
no_phys,all,10,-6203.292580483982,-6150.907125521896
no_phys,all,11,-6251.4036555311695,-6115.690407491808
no_phys,all,12,-6024.785593560889,-6348.160865449116
no_phys,all,13,-6292.83636487999,-6071.406436375413
no_phys,all,14,-6181.590272681412,-6161.353015667938
no_phys,all,15,-6291.268461181028,-6118.898882013762
no_phys,all,16,-6211.458881115126,-6155.750367788853
no_phys,all,17,-6305.889350698068,-6042.786391697726
no_phys,all,18,-6364.364704072268,-5995.196323266511
no_phys,all,19,-6320.827809169028,-6054.9184738441045
no_phys,all,20,-6115.240593341827,-6245.383989139509
no_phys,all,21,-6184.148620246575,-6205.320949269276
no_phys,all,22,-6275.155261905123,-6082.828880233224
no_phys,all,23,-6180.456766506055,-6173.358250703939
no_phys,all,24,-6097.512560502603,-6261.861383889166
no_phys,all,25,-6115.540256182029,-6242.317476742682
no_phys,all,26,-6282.340884832335,-6051.865221803723
no_phys,all,27,-6207.8118725184,-6143.663232929018
no_phys,all,28,-6091.616521166512,-6260.398684249595
no_phys,all,29,-6081.152418144653,-6276.573195541262
no_phys,all,30,-6194.110956177235,-6203.44164288787
no_phys,all,31,-6438.63706567888,-5983.176423053853
no_phys,all,32,-6252.899997465435,-6109.520947721227
no_phys,all,33,-6086.846034950743,-6288.353067075896
no_phys,all,34,-6220.9174329765365,-6128.815045587016
no_phys,all,35,-6234.657587854574,-6188.232322709028
no_phys,all,36,-6299.423251343455,-6068.780124059329
no_phys,all,37,-6183.389128892893,-6187.211948912076
no_phys,all,38,-6198.837636055495,-6208.70734917568
no_phys,all,39,-6180.247868926865,-6184.386043389269
no_phys,all,40,-6330.8709038119,-5999.331586757943
no_phys,all,41,-6096.730579718442,-6268.722391747564
no_phys,all,42,-6067.972652960978,-6277.198155886166
no_phys,all,43,-6138.279874033242,-6232.486701043309
no_phys,all,44,-6127.483829561675,-6223.355779401864
no_phys,all,45,-6140.374093651132,-6215.00139843409
no_phys,all,46,-6122.292927832804,-6219.474792853405
no_phys,all,47,-6098.449086992888,-6269.872107756013
no_phys,all,48,-6248.751943816627,-6086.955470935393
no_phys,all,49,-6140.52457635358,-6296.819539010765
no_sym,all,0,-5814.453753239225,-5679.640258002566
no_sym,all,1,-5817.094837889727,-5682.808694523922
no_sym,all,2,-6020.096565921741,-5490.730671244266
no_sym,all,3,-5864.168383248551,-5650.938522786991
no_sym,all,4,-5480.607809910017,-6058.481182760379
no_sym,all,5,-5641.580450096851,-5863.788332656743
no_sym,all,6,-5664.147602473224,-5852.135836784896
no_sym,all,7,-5767.126058975936,-5758.072906938108
no_sym,all,8,-5832.155535262268,-5671.270330608309
no_sym,all,9,-5660.391542827839,-5847.085142101001
no_sym,all,10,-5710.981726761648,-5786.8468466511495
no_sym,all,11,-5892.18843918946,-5641.920948013776
no_sym,all,12,-5654.74437292672,-5856.698180088957
no_sym,all,13,-5814.523646978989,-5716.258480270005
no_sym,all,14,-5666.974417729237,-5830.579013287639
no_sym,all,15,-5839.107651085084,-5669.707263262949
no_sym,all,16,-5762.201864988817,-5763.553136748077
no_sym,all,17,-5853.496615387074,-5658.388157916532
no_sym,all,18,-5944.72424824321,-5562.841395159971
no_sym,all,19,-5831.486555024571,-5685.791115425818
no_sym,all,20,-5737.736366921124,-5759.750171315806
no_sym,all,21,-5734.267600098001,-5764.665127839463
no_sym,all,22,-5834.23656449946,-5675.220807746667
no_sym,all,23,-5746.491112347285,-5766.302420302417
no_sym,all,24,-5526.365140669432,-5970.848181915522
no_sym,all,25,-5721.815595003701,-5789.742761196398
no_sym,all,26,-5851.665402475681,-5659.221485111374
no_sym,all,27,-5800.342051823792,-5712.4082783548165
no_sym,all,28,-5662.607521834306,-5851.600161061897
no_sym,all,29,-5763.02267591743,-5749.412177509655
no_sym,all,30,-5619.346775803386,-5881.388691829939
no_sym,all,31,-5881.009514265817,-5627.679966830827
no_sym,all,32,-5754.456258407615,-5761.897502557543
no_sym,all,33,-5640.691903010997,-5870.56885150158
no_sym,all,34,-5705.450910687626,-5790.386065357473
no_sym,all,35,-5864.757012755986,-5645.151622358098
no_sym,all,36,-5925.569909503064,-5589.451354129514
no_sym,all,37,-5736.355543826029,-5768.306293214891
no_sym,all,38,-5802.166790960962,-5709.675014369028
no_sym,all,39,-5800.447954293792,-5729.275337379484
no_sym,all,40,-5895.21336602294,-5609.184656278064
no_sym,all,41,-5691.404280868483,-5812.025063905602
no_sym,all,42,-5692.552525984577,-5837.0697424889095
no_sym,all,43,-5766.099276000324,-5752.886294292196
no_sym,all,44,-5681.68339857702,-5818.564575840133
no_sym,all,45,-5731.399708546715,-5770.951309941008
no_sym,all,46,-5772.537822268079,-5777.6640898521455
no_sym,all,47,-5744.495390311227,-5773.552864655647
no_sym,all,48,-5824.923831426689,-5690.584977919912
no_sym,all,49,-5686.055341899284,-5817.656540214419
no_weight,all,0,-5982.786517773201,-5923.984217732008
no_weight,all,1,-5967.470180093732,-5959.6241276217015
no_weight,all,2,-6249.607934907525,-5689.167845769677
no_weight,all,3,-6170.129146965463,-5771.08410547798
no_weight,all,4,-5694.367017466088,-6254.219507959478
no_weight,all,5,-5866.406771741328,-6051.815498169796
no_weight,all,6,-5906.719886398886,-6028.899980964336
no_weight,all,7,-5993.467207802281,-5935.868810317734
no_weight,all,8,-5991.101876806704,-5945.699617601377
no_weight,all,9,-5994.705658209269,-5946.083787669941
no_weight,all,10,-5855.925309455114,-6081.576990940176
no_weight,all,11,-6057.152096547004,-5879.8856749420365
no_weight,all,12,-5814.17134832214,-6100.26320705421
no_weight,all,13,-6089.239088836356,-5825.326473776949
no_weight,all,14,-5930.360994943469,-5964.912970339767
no_weight,all,15,-6045.674348685238,-5919.021490666558
no_weight,all,16,-5969.232511946193,-5963.021665549533
no_weight,all,17,-6031.2716299461845,-5885.139314967841
no_weight,all,18,-6126.3964233247525,-5782.527125732246
no_weight,all,19,-5995.37661048005,-5917.253978379211
no_weight,all,20,-5915.327375550707,-6019.49773513836
no_weight,all,21,-5902.547842549004,-6003.800067296292
no_weight,all,22,-6050.115041226822,-5857.584537390192
no_weight,all,23,-5930.112709774207,-6002.747767697571
no_weight,all,24,-5752.251539456329,-6147.248380444801
no_weight,all,25,-5860.310233108407,-6067.575973863517
no_weight,all,26,-6001.147126767109,-5912.921865250904
no_weight,all,27,-6023.397397298375,-5893.708526609127
no_weight,all,28,-5855.502513690093,-6039.980943556464
no_weight,all,29,-5939.124047810259,-5977.040198000108
no_weight,all,30,-5920.97272482451,-6001.208701268648
no_weight,all,31,-6169.551069210179,-5744.161752591216
no_weight,all,32,-5986.698608320791,-5918.428122319572
no_weight,all,33,-5773.14942459551,-6168.562237300518
no_weight,all,34,-5951.927412898279,-5956.08006056774
no_weight,all,35,-6075.981755544877,-5843.054609242702
no_weight,all,36,-6039.68415266615,-5871.202503728147
no_weight,all,37,-5944.875667490343,-6002.003703505447
no_weight,all,38,-5943.320460551871,-5972.23598313809
no_weight,all,39,-6025.131517976942,-5908.970688977919
no_weight,all,40,-6025.264250539315,-5913.813593288234
no_weight,all,41,-5863.178578342849,-6046.247454568612
no_weight,all,42,-5885.56850577194,-6030.209360524922
no_weight,all,43,-5962.7460346476455,-5944.865140670878
no_weight,all,44,-5860.118054692067,-6059.0094694266245
no_weight,all,45,-5965.573390463976,-5946.994908153543
no_weight,all,46,-5997.340088065675,-5929.501443179471
no_weight,all,47,-5918.512065935939,-6024.803451371337
no_weight,all,48,-6023.069491312319,-5908.590873267347
no_weight,all,49,-5879.507273464934,-6050.473560206635
just_sp,all,0,-6000.162088706678,-5937.595399505102
just_sp,all,1,-5972.437881792139,-5965.874268199126
just_sp,all,2,-6236.902638369001,-5698.4891451097565
just_sp,all,3,-6167.197160735043,-5764.126608745613
just_sp,all,4,-5679.800158308832,-6241.752214799315
just_sp,all,5,-5857.640183745387,-6056.946307001109
just_sp,all,6,-5902.734509220831,-6021.903903655816
just_sp,all,7,-5984.24904714293,-5943.64272396699
just_sp,all,8,-6003.617839708586,-5962.361777881641
just_sp,all,9,-5987.783649447009,-5951.32341975846
just_sp,all,10,-5844.558343796905,-6073.647062292728
just_sp,all,11,-6069.921533552949,-5885.919282846857
just_sp,all,12,-5830.495802758869,-6108.165199244435
just_sp,all,13,-6087.243890025543,-5834.97161770344
just_sp,all,14,-5942.369574717164,-5945.93078876744
just_sp,all,15,-6052.226017614433,-5905.530412089236
just_sp,all,16,-5970.055915836686,-5980.609972653791
just_sp,all,17,-6035.172700107276,-5891.819447692684
just_sp,all,18,-6135.638706741283,-5799.395971522811
just_sp,all,19,-5982.788846696019,-5938.642729971062
just_sp,all,20,-5920.386400566375,-6011.267689448754
just_sp,all,21,-5924.824089349099,-6030.376376007258
just_sp,all,22,-6064.96782325173,-5859.962247276803
just_sp,all,23,-5933.361620956018,-6013.262976933586
just_sp,all,24,-5761.738898248477,-6168.781718761029
just_sp,all,25,-5847.358169185663,-6088.4602988620345
just_sp,all,26,-6040.755428314141,-5908.544285561799
just_sp,all,27,-6031.683607680422,-5891.324460346611
just_sp,all,28,-5888.456212096207,-6034.261460309618
just_sp,all,29,-5935.713808679979,-5990.601999177358
just_sp,all,30,-5908.209131685841,-5995.148128687923
just_sp,all,31,-6164.808775994882,-5753.313140102168
just_sp,all,32,-6014.04860671274,-5930.0732130899
just_sp,all,33,-5781.244887779604,-6158.481189234321
just_sp,all,34,-5952.847186744525,-5977.3766100587
just_sp,all,35,-6089.185876206615,-5838.252083522221
just_sp,all,36,-6058.990804542816,-5874.802942310961
just_sp,all,37,-5951.716744372269,-5986.644298045725
just_sp,all,38,-5951.533224055646,-5983.103764241743
just_sp,all,39,-6023.53699948881,-5934.272831199286
just_sp,all,40,-6005.018451585918,-5903.202437118087
just_sp,all,41,-5841.695793416319,-6041.039783796995
just_sp,all,42,-5880.520357973954,-6039.725652288184
just_sp,all,43,-5957.78709203373,-5977.439674422586
just_sp,all,44,-5853.636465063157,-6059.123048201966
just_sp,all,45,-5978.553843657149,-5961.466591951669
just_sp,all,46,-5966.535505336375,-5943.430380678721
just_sp,all,47,-5912.039016398492,-6034.774723861908
just_sp,all,48,-6030.03489861213,-5916.716619305083
just_sp,all,49,-5883.721290378329,-6046.5323114754665
just_smp,all,0,-5993.716323654357,-5968.06120574099
just_smp,all,1,-6032.389221379411,-5941.843823287311
just_smp,all,2,-6276.04798625857,-5668.104283545726
just_smp,all,3,-6103.842931355319,-5871.721169325434
just_smp,all,4,-5752.28947696726,-6258.092024195287
just_smp,all,5,-5889.027962040013,-6065.440962780958
just_smp,all,6,-5942.291185582215,-6034.1936248285365
just_smp,all,7,-6001.40080611715,-5988.884289958983
just_smp,all,8,-6071.746949579395,-5915.060220161571
just_smp,all,9,-5875.018817993137,-6093.315124991993
just_smp,all,10,-5894.820159076522,-6054.75889398965
just_smp,all,11,-6071.750404926809,-5928.497497164735
just_smp,all,12,-5846.73889277927,-6140.020824464343
just_smp,all,13,-6087.809474549842,-5879.992669894334
just_smp,all,14,-5910.603553192395,-6063.25251380861
just_smp,all,15,-6060.811171647039,-5926.699379027128
just_smp,all,16,-5969.265281163277,-6019.801167710583
just_smp,all,17,-6066.95808749086,-5901.640760579908
just_smp,all,18,-6190.633664889325,-5786.001362950047
just_smp,all,19,-5996.143643799514,-5963.2695636631815
just_smp,all,20,-5905.653987772631,-6074.9447752474425
just_smp,all,21,-5949.15740615615,-6040.335334102891
just_smp,all,22,-6053.196964688914,-5925.249368046973
just_smp,all,23,-5951.12161615549,-6042.863648992488
just_smp,all,24,-5839.515346190539,-6131.588572555944
just_smp,all,25,-5993.114791689191,-5988.882120683539
just_smp,all,26,-6123.787753390846,-5856.125315646687
just_smp,all,27,-6076.11649310661,-5883.201161955785
just_smp,all,28,-5827.898005832017,-6148.815873139629
just_smp,all,29,-5988.187967132017,-5999.4756362616645
just_smp,all,30,-5818.443523774739,-6166.425272328058
just_smp,all,31,-6152.638132404034,-5822.490138075116
just_smp,all,32,-5959.779641486522,-6027.12866651962
just_smp,all,33,-5855.938598250328,-6121.621442522583
just_smp,all,34,-5951.611698386975,-6018.319747656162
just_smp,all,35,-6070.855378394904,-5898.42010180614
just_smp,all,36,-6049.847251916624,-5932.501727838924
just_smp,all,37,-5966.473285107538,-5999.8546923456015
just_smp,all,38,-5942.784039292462,-6027.11931878126
just_smp,all,39,-6065.966953574836,-5910.48195941166
just_smp,all,40,-6098.227594991016,-5890.417655369869
just_smp,all,41,-5910.885993828012,-6052.170559863123
just_smp,all,42,-5908.12577187097,-6096.251815183003
just_smp,all,43,-5966.060373598792,-6034.87722321618
just_smp,all,44,-5951.594179982516,-6011.264792353564
just_smp,all,45,-5997.480431226833,-5984.204778374223
just_smp,all,46,-6027.217863780878,-5969.121365573203
just_smp,all,47,-5956.68468640407,-6025.531014791591
just_smp,all,48,-6056.47106846312,-5914.72413310319
just_smp,all,49,-6000.180242844899,-5981.73235342802
just_phys,all,0,-6376.446059035021,-6334.429241967076
just_phys,all,1,-6332.132643026286,-6390.339439674264
just_phys,all,2,-6646.063042020923,-6080.155337180619
just_phys,all,3,-6492.614167922789,-6234.54263449848
just_phys,all,4,-6082.166629315726,-6629.114273841398
just_phys,all,5,-6228.192089201821,-6379.23717211162
just_phys,all,6,-6328.205227611849,-6375.139668759542
just_phys,all,7,-6374.27240382352,-6343.826346126587
just_phys,all,8,-6434.970083315216,-6264.412087741348
just_phys,all,9,-6289.493096384765,-6405.423510865982
just_phys,all,10,-6241.713402702809,-6452.075916346102
just_phys,all,11,-6445.450542678905,-6304.257168487009
just_phys,all,12,-6211.11649692651,-6467.14972473109
just_phys,all,13,-6430.980054998,-6266.427537440842
just_phys,all,14,-6228.017048860397,-6491.820986825437
just_phys,all,15,-6391.059401129575,-6296.061280371586
just_phys,all,16,-6294.715928552105,-6371.503236192982
just_phys,all,17,-6379.49580087111,-6329.908917818114
just_phys,all,18,-6541.085163857623,-6196.174263415335
just_phys,all,19,-6398.553336046673,-6313.592111709762
just_phys,all,20,-6266.332402036322,-6435.599731761408
just_phys,all,21,-6266.8505137383,-6440.491604875919
just_phys,all,22,-6397.705224626638,-6302.991154402893
just_phys,all,23,-6309.441764625632,-6392.927197084324
just_phys,all,24,-6151.930066905344,-6568.893927563626
just_phys,all,25,-6289.401427804841,-6387.320143717781
just_phys,all,26,-6406.087142914467,-6274.487563596207
just_phys,all,27,-6430.053358417167,-6292.622316325424
just_phys,all,28,-6215.300814190024,-6464.257898256647
just_phys,all,29,-6338.709301190895,-6373.7606681936695
just_phys,all,30,-6171.608410878506,-6497.508649421793
just_phys,all,31,-6505.686663248177,-6188.808449546783
just_phys,all,32,-6361.218269991693,-6343.937112069185
just_phys,all,33,-6192.99683800068,-6503.154472572973
just_phys,all,34,-6319.872587940288,-6366.873976430752
just_phys,all,35,-6509.853744118778,-6191.026607379955
just_phys,all,36,-6470.690037069889,-6207.436320392221
just_phys,all,37,-6318.786330340011,-6351.922277585388
just_phys,all,38,-6327.680598228723,-6341.339482777046
just_phys,all,39,-6482.068058509608,-6217.298524112844
just_phys,all,40,-6430.610150756873,-6275.761819978358
just_phys,all,41,-6241.068890056629,-6475.758489311063
just_phys,all,42,-6349.951444734417,-6353.270121980025
just_phys,all,43,-6331.422771190893,-6377.2792288908095
just_phys,all,44,-6335.923500598645,-6341.652747925072
just_phys,all,45,-6301.5838177368105,-6394.787758768125
just_phys,all,46,-6485.820457010555,-6238.734333367115
just_phys,all,47,-6369.415628038709,-6331.50834414042
just_phys,all,48,-6389.342245151644,-6326.206055148409
just_phys,all,49,-6292.4132398381325,-6400.55247548851
rules,all,0,-5875.070144487316,-5777.252512037416
rules,all,1,-5874.10737088521,-5762.598904811486
rules,all,2,-6054.782940283673,-5578.203859126988
rules,all,3,-5956.069871581507,-5697.568456967994
rules,all,4,-5550.149173234599,-6111.762595267969
rules,all,5,-5714.080889463058,-5926.173551438299
rules,all,6,-5749.155187211438,-5890.553198838969
rules,all,7,-5822.0341391405045,-5824.943034793005
rules,all,8,-5860.401468940092,-5773.420437638157
rules,all,9,-5742.580037656091,-5893.026199461069
rules,all,10,-5793.743656494495,-5848.033898409447
rules,all,11,-5878.008976221739,-5762.789033995239
rules,all,12,-5687.426683301124,-5950.5506405285405
rules,all,13,-5882.522054622667,-5763.998631704865
rules,all,14,-5805.355173188816,-5830.751296024693
rules,all,15,-5900.2181343216425,-5745.8690750211135
rules,all,16,-5801.316533513447,-5841.891059513682
rules,all,17,-5931.958489158128,-5725.486324413973
rules,all,18,-6013.953580783581,-5636.393056147407
rules,all,19,-5954.446073016337,-5695.823347580834
rules,all,20,-5805.939888115587,-5842.949606492761
rules,all,21,-5838.242258131,-5806.4611684403535
rules,all,22,-5922.233819348833,-5735.721993468613
rules,all,23,-5795.070699931905,-5835.967888324359
rules,all,24,-5619.8032075320425,-6017.5353312831485
rules,all,25,-5766.66725707435,-5867.997380342556
rules,all,26,-5966.734056085018,-5687.724014683948
rules,all,27,-5873.381641835894,-5765.028118083511
rules,all,28,-5699.841003867864,-5943.9914005839055
rules,all,29,-5814.058795904367,-5837.171521307914
rules,all,30,-5712.858704754399,-5921.694382009302
rules,all,31,-5958.783986977098,-5676.649358317354
rules,all,32,-5842.556205743529,-5799.306376776538
rules,all,33,-5651.399512517722,-5996.275974365389
rules,all,34,-5770.989917493052,-5859.116569432767
rules,all,35,-5928.631866719676,-5728.076543559474
rules,all,36,-5955.252736717272,-5686.267122903798
rules,all,37,-5826.003091436372,-5813.716130921756
rules,all,38,-5778.024900371113,-5866.057716358417
rules,all,39,-5867.862379819068,-5790.31633059712
rules,all,40,-5986.32128035053,-5658.079581496532
rules,all,41,-5712.011337276276,-5924.206680672873
rules,all,42,-5765.89421020251,-5874.141644870347
rules,all,43,-5804.144513911764,-5840.440984117597
rules,all,44,-5768.711508642535,-5878.426940436577
rules,all,45,-5804.584331248808,-5845.700922128803
rules,all,46,-5808.222183254494,-5831.612473973197
rules,all,47,-5833.319917061084,-5825.030539621039
rules,all,48,-5930.238032067033,-5729.284014760247
rules,all,49,-5728.732419811338,-5910.174721634163
add1_sm,all,0,-5679.912370069997,-5574.058666236247
add1_sm,all,1,-5673.011798083866,-5576.117945054793
add1_sm,all,2,-5862.316324397061,-5366.474386863035
add1_sm,all,3,-5789.576130083352,-5457.292855598346
add1_sm,all,4,-5342.616441215198,-5894.38897624971
add1_sm,all,5,-5531.635153438937,-5720.956037316693
add1_sm,all,6,-5536.323488658285,-5716.828433197111
add1_sm,all,7,-5621.333562471754,-5625.522679645487
add1_sm,all,8,-5665.219752500289,-5585.915916894653
add1_sm,all,9,-5572.926671878218,-5659.394724120174
add1_sm,all,10,-5564.546237281069,-5683.015838293087
add1_sm,all,11,-5744.274400866017,-5518.296282953088
add1_sm,all,12,-5489.370062693907,-5757.2472570828295
add1_sm,all,13,-5704.62616903117,-5534.0657774774445
add1_sm,all,14,-5591.127664650952,-5649.210851064071
add1_sm,all,15,-5697.488953151359,-5557.7379362334
add1_sm,all,16,-5631.027299626535,-5614.524489530124
add1_sm,all,17,-5722.626913649263,-5529.778608162873
add1_sm,all,18,-5806.837136805454,-5439.431708224561
add1_sm,all,19,-5699.070146231233,-5555.497265580447
add1_sm,all,20,-5607.575556673927,-5641.593003705051
add1_sm,all,21,-5579.742816998082,-5672.331433418884
add1_sm,all,22,-5724.7134033416605,-5507.113307486659
add1_sm,all,23,-5609.612026495937,-5631.42971292942
add1_sm,all,24,-5454.466592533157,-5793.521927315792
add1_sm,all,25,-5553.293650402154,-5698.436646801604
add1_sm,all,26,-5727.535672521218,-5523.449678054265
add1_sm,all,27,-5657.05731599396,-5591.77520196152
add1_sm,all,28,-5521.296826651256,-5711.611024822666
add1_sm,all,29,-5629.281198106571,-5603.227563627615
add1_sm,all,30,-5549.976087944866,-5671.294819134352
add1_sm,all,31,-5791.224903383872,-5461.803214182081
add1_sm,all,32,-5633.9751911259245,-5609.308527449699
add1_sm,all,33,-5509.0855355865415,-5742.3617961556665
add1_sm,all,34,-5585.065956901274,-5666.397830860268
add1_sm,all,35,-5719.00671649907,-5518.184844548732
add1_sm,all,36,-5745.172179892173,-5484.791742543205
add1_sm,all,37,-5575.755655541007,-5667.741024286585
add1_sm,all,38,-5626.711116280044,-5617.932454733856
add1_sm,all,39,-5627.065930873568,-5622.258494112974
add1_sm,all,40,-5729.599517031755,-5511.672895698482
add1_sm,all,41,-5564.67692054535,-5685.317581677982
add1_sm,all,42,-5530.927025957694,-5702.041449036602
add1_sm,all,43,-5620.443140803745,-5609.956947531015
add1_sm,all,44,-5522.470624900172,-5724.151766267398
add1_sm,all,45,-5627.275119762631,-5616.518348306
add1_sm,all,46,-5626.517515665516,-5627.986660227842
add1_sm,all,47,-5601.6448458562745,-5635.487229260437
add1_sm,all,48,-5695.185552915076,-5546.154439199216
add1_sm,all,49,-5549.707345399814,-5692.230807619637
add1_spm,all,0,-5683.7673133337785,-5558.317295893907
add1_spm,all,1,-5665.561970711608,-5565.881873692972
add1_spm,all,2,-5892.154868387438,-5367.070660240327
add1_spm,all,3,-5782.120856295052,-5444.988588615777
add1_spm,all,4,-5355.336515931252,-5893.817332341241
add1_spm,all,5,-5521.937069611317,-5714.262039320225
add1_spm,all,6,-5534.105504414065,-5708.677075093196
add1_spm,all,7,-5627.796850901874,-5618.6083988411365
add1_spm,all,8,-5663.9075766215765,-5577.9396704949
add1_spm,all,9,-5582.857910620913,-5670.987839957826
add1_spm,all,10,-5561.2638283352135,-5687.3063178045095
add1_spm,all,11,-5737.6902149989455,-5516.723408505337
add1_spm,all,12,-5491.117186655748,-5755.411315031638
add1_spm,all,13,-5695.463679518649,-5545.137379276445
add1_spm,all,14,-5586.48165820732,-5643.653762924731
add1_spm,all,15,-5704.242660581716,-5558.127065370964
add1_spm,all,16,-5640.921397671386,-5612.774340872565
add1_spm,all,17,-5719.792792837602,-5511.850841603251
add1_spm,all,18,-5802.436603232702,-5435.366060164473
add1_spm,all,19,-5695.303793692838,-5545.567968553618
add1_spm,all,20,-5603.832351482837,-5637.130934661869
add1_spm,all,21,-5580.973706854389,-5662.839949572023
add1_spm,all,22,-5733.483979159964,-5520.951879301991
add1_spm,all,23,-5611.872899044348,-5625.267437970891
add1_spm,all,24,-5447.281391943089,-5795.452627779574
add1_spm,all,25,-5540.229776614466,-5685.480550450723
add1_spm,all,26,-5724.081001386754,-5523.626356305419
add1_spm,all,27,-5650.672329103038,-5580.182836364014
add1_spm,all,28,-5515.55387827284,-5715.725642856815
add1_spm,all,29,-5640.667643723284,-5630.939642435476
add1_spm,all,30,-5568.172723464849,-5683.1523514050805
add1_spm,all,31,-5794.889497636461,-5456.980403348157
add1_spm,all,32,-5629.729747925506,-5604.078147361024
add1_spm,all,33,-5494.944565636862,-5745.716115955073
add1_spm,all,34,-5581.744219897979,-5661.139208687661
add1_spm,all,35,-5719.218120278644,-5498.071578124235
add1_spm,all,36,-5749.585696378879,-5496.66020016118
add1_spm,all,37,-5575.924900679879,-5670.479021530077
add1_spm,all,38,-5628.361644562945,-5619.332503501938
add1_spm,all,39,-5631.953146626883,-5628.009161033021
add1_spm,all,40,-5718.71713399178,-5516.947040120665
add1_spm,all,41,-5549.842207991529,-5690.109975603281
add1_spm,all,42,-5546.493946413329,-5688.66186428798
add1_spm,all,43,-5619.236215883807,-5630.586779675584
add1_spm,all,44,-5520.10662101552,-5728.238558799705
add1_spm,all,45,-5628.054648014858,-5605.404924964782
add1_spm,all,46,-5617.538068640928,-5636.131485279061
add1_spm,all,47,-5600.294312295036,-5656.619736190138
add1_spm,all,48,-5700.475454222602,-5545.756911272689
add1_spm,all,49,-5543.610697862175,-5697.262169271672
add1_s,all,0,-5678.16536250712,-5553.264545771546
add1_s,all,1,-5669.740889855545,-5566.280386436711
add1_s,all,2,-5883.146546692676,-5353.839461144406
add1_s,all,3,-5793.660230215614,-5446.181484607552
add1_s,all,4,-5351.192969071798,-5895.9018025593605
add1_s,all,5,-5510.973972540493,-5714.795216917507
add1_s,all,6,-5526.51465389321,-5709.278256093672
add1_s,all,7,-5626.893791032095,-5612.600849290997
add1_s,all,8,-5660.249062318766,-5579.514375892014
add1_s,all,9,-5580.773173228059,-5650.794178351922
add1_s,all,10,-5556.893398671568,-5696.15849293046
add1_s,all,11,-5737.891524466018,-5512.880774992236
add1_s,all,12,-5486.359109145157,-5753.454202112134
add1_s,all,13,-5689.240826868552,-5541.969657215401
add1_s,all,14,-5589.284127937519,-5636.164589916816
add1_s,all,15,-5692.906306365721,-5546.659438211246
add1_s,all,16,-5630.21978497936,-5614.261984620632
add1_s,all,17,-5713.14608737455,-5510.2486665977085
add1_s,all,18,-5809.559748376215,-5428.441331115237
add1_s,all,19,-5684.728317932547,-5549.274582798939
add1_s,all,20,-5594.256626517618,-5633.356940406656
add1_s,all,21,-5570.170515114276,-5663.420392923231
add1_s,all,22,-5718.231130308303,-5506.709072630136
add1_s,all,23,-5619.542402659125,-5623.173198049352
add1_s,all,24,-5441.842625888829,-5787.029929362989
add1_s,all,25,-5544.2059622532415,-5692.900236755981
add1_s,all,26,-5720.506151163922,-5518.991165784939
add1_s,all,27,-5654.26808675755,-5585.50753574924
add1_s,all,28,-5509.6343810995695,-5703.437164363147
add1_s,all,29,-5634.01378019778,-5612.015953220266
add1_s,all,30,-5548.345964624472,-5678.454871143256
add1_s,all,31,-5786.16357701111,-5454.900675804109
add1_s,all,32,-5625.000185788216,-5604.550293890768
add1_s,all,33,-5499.591272051111,-5752.581548115717
add1_s,all,34,-5575.876162655584,-5656.042990314963
add1_s,all,35,-5715.132026842922,-5512.528857712443
add1_s,all,36,-5741.181071221263,-5488.386575214605
add1_s,all,37,-5568.601767712896,-5665.976033058502
add1_s,all,38,-5626.558719797056,-5618.595004465118
add1_s,all,39,-5620.461779539784,-5615.7204165331095
add1_s,all,40,-5721.382206891393,-5500.069656403586
add1_s,all,41,-5559.017799217402,-5683.570361512135
add1_s,all,42,-5547.358238547146,-5698.430005551849
add1_s,all,43,-5629.18232565108,-5624.349297951922
add1_s,all,44,-5519.037280290256,-5713.353698222257
add1_s,all,45,-5627.433084381904,-5609.852041764191
add1_s,all,46,-5620.311296164738,-5631.72011888147
add1_s,all,47,-5591.2342635101,-5636.517361973264
add1_s,all,48,-5702.663921892659,-5548.374730009952
add1_s,all,49,-5542.318489521515,-5687.116021191628
add1_msp,all,0,-5682.780909529996,-5560.439394488932
add1_msp,all,1,-5676.264970843788,-5568.692369158329
add1_msp,all,2,-5884.081971066444,-5368.987220836177
add1_msp,all,3,-5791.444625204974,-5455.419563620715
add1_msp,all,4,-5343.653826135933,-5903.579058693809
add1_msp,all,5,-5527.244599043259,-5716.2799467938585
add1_msp,all,6,-5531.662199612902,-5712.608083118229
add1_msp,all,7,-5635.56055327928,-5633.514255000568
add1_msp,all,8,-5655.920807853944,-5581.443227274965
add1_msp,all,9,-5585.371684341797,-5663.386132843207
add1_msp,all,10,-5560.280933049393,-5681.038245931755
add1_msp,all,11,-5735.233316270778,-5514.862086722894
add1_msp,all,12,-5486.970898396472,-5744.7911181005065
add1_msp,all,13,-5689.242670232956,-5549.289618983082
add1_msp,all,14,-5593.536639558374,-5646.845322984623
add1_msp,all,15,-5705.21047474301,-5546.070915637381
add1_msp,all,16,-5629.794133455638,-5614.654845175485
add1_msp,all,17,-5715.988231454492,-5508.797130364002
add1_msp,all,18,-5808.208563502599,-5443.41914761297
add1_msp,all,19,-5705.116066159886,-5561.323229036817
add1_msp,all,20,-5603.497559414332,-5633.8803852581705
add1_msp,all,21,-5581.655310783486,-5679.29286235196
add1_msp,all,22,-5733.459548712204,-5512.582218354423
add1_msp,all,23,-5613.669085007058,-5630.17596336119
add1_msp,all,24,-5453.361619254863,-5798.572100962707
add1_msp,all,25,-5556.250578757436,-5684.7953968878655
add1_msp,all,26,-5725.005836923723,-5530.39311923464
add1_msp,all,27,-5661.065973551071,-5588.714001511688
add1_msp,all,28,-5527.623604730456,-5717.883584007792
add1_msp,all,29,-5640.023005224341,-5615.741612872492
add1_msp,all,30,-5559.314365730694,-5676.950367072763
add1_msp,all,31,-5787.353169315255,-5458.699322598274
add1_msp,all,32,-5622.311922541627,-5607.906853373751
add1_msp,all,33,-5497.596504747938,-5742.089217904721
add1_msp,all,34,-5574.452452681572,-5666.358777644336
add1_msp,all,35,-5728.59134517756,-5515.130824139049
add1_msp,all,36,-5747.342073362861,-5490.022548157438
add1_msp,all,37,-5582.812472498247,-5669.145289215678
add1_msp,all,38,-5626.483838917399,-5617.591604966188
add1_msp,all,39,-5628.297498429191,-5624.079456405478
add1_msp,all,40,-5734.067517291404,-5518.143146504797
add1_msp,all,41,-5550.167190347532,-5687.513301203925
add1_msp,all,42,-5546.639119526681,-5696.679298109239
add1_msp,all,43,-5624.872400782398,-5628.990671059596
add1_msp,all,44,-5520.901495693788,-5720.0626354201495
add1_msp,all,45,-5624.5500705469085,-5613.082782178373
add1_msp,all,46,-5617.721588009316,-5631.127446727197
add1_msp,all,47,-5605.566269157012,-5648.345743845785
add1_msp,all,48,-5701.05964932091,-5541.048233300399
add1_msp,all,49,-5549.462419774673,-5694.364249204113
add1_ms,all,0,-5693.1767085651545,-5570.452120181504
add1_ms,all,1,-5665.965179229218,-5571.626208738586
add1_ms,all,2,-5880.690688041877,-5374.454623637667
add1_ms,all,3,-5788.902279174649,-5449.624970902062
add1_ms,all,4,-5359.343654942113,-5900.565669855685
add1_ms,all,5,-5524.960644557317,-5719.3273206085805
add1_ms,all,6,-5534.919591589741,-5711.761930025972
add1_ms,all,7,-5627.360572931071,-5637.672723785625
add1_ms,all,8,-5658.113747808133,-5585.34281808311
add1_ms,all,9,-5576.985906201264,-5663.687384654879
add1_ms,all,10,-5563.682075895246,-5683.432718278352
add1_ms,all,11,-5739.390197576207,-5513.177485889656
add1_ms,all,12,-5489.131457784384,-5745.106894813105
add1_ms,all,13,-5693.229890253146,-5552.95329395404
add1_ms,all,14,-5585.354368600436,-5649.106580443217
add1_ms,all,15,-5694.218371725759,-5547.0355556059085
add1_ms,all,16,-5632.6904941514285,-5625.141263774009
add1_ms,all,17,-5716.8685534317365,-5530.707496145239
add1_ms,all,18,-5805.519999234144,-5436.73213893976
add1_ms,all,19,-5692.610794064053,-5551.985544669684
add1_ms,all,20,-5598.596776776106,-5646.635110058534
add1_ms,all,21,-5586.708416103057,-5668.061982705812
add1_ms,all,22,-5735.868235076607,-5514.552169736421
add1_ms,all,23,-5615.159630517543,-5631.046907064054
add1_ms,all,24,-5449.656921532172,-5792.491608138927
add1_ms,all,25,-5554.652431118386,-5685.4888538123
add1_ms,all,26,-5719.230326411625,-5517.841287013223
add1_ms,all,27,-5654.906527827032,-5587.324983444718
add1_ms,all,28,-5519.728759705965,-5714.427153375211
add1_ms,all,29,-5622.314885547525,-5626.729926529049
add1_ms,all,30,-5563.456571668219,-5679.6330866200215
add1_ms,all,31,-5791.104523982644,-5456.695918747376
add1_ms,all,32,-5635.995637206052,-5610.230076870534
add1_ms,all,33,-5496.678808591324,-5743.908668966454
add1_ms,all,34,-5581.775992120965,-5676.976458511797
add1_ms,all,35,-5724.108478772321,-5517.35815451285
add1_ms,all,36,-5745.630733989717,-5494.842010184972
add1_ms,all,37,-5580.476062640468,-5659.748083810368
add1_ms,all,38,-5612.16914667191,-5611.483433463816
add1_ms,all,39,-5628.101513132949,-5613.642168626504
add1_ms,all,40,-5732.112325555368,-5510.61364778345
add1_ms,all,41,-5559.622439300723,-5685.734993483192
add1_ms,all,42,-5533.95540726376,-5691.167240031838
add1_ms,all,43,-5619.37145575024,-5622.668634765151
add1_ms,all,44,-5520.420119696386,-5718.034884863032
add1_ms,all,45,-5626.565839255378,-5616.779159632448
add1_ms,all,46,-5610.77574104211,-5636.721367771451
add1_ms,all,47,-5601.576936513603,-5654.765229185557
add1_ms,all,48,-5702.994383398423,-5549.251561036671
add1_ms,all,49,-5550.673831035455,-5683.872626487572
add1_mps,all,0,-5683.507909537853,-5560.800696883121
add1_mps,all,1,-5672.875818930505,-5570.980234913663
add1_mps,all,2,-5875.498453046925,-5368.912227441057
add1_mps,all,3,-5797.096724309211,-5459.703469546631
add1_mps,all,4,-5356.415864549541,-5899.248459232139
add1_mps,all,5,-5541.463535916983,-5713.714626456586
add1_mps,all,6,-5526.4994437921,-5705.138154708031
add1_mps,all,7,-5619.152217199049,-5637.13849333899
add1_mps,all,8,-5655.118407245026,-5591.67423866437
add1_mps,all,9,-5574.828148138569,-5667.098110685641
add1_mps,all,10,-5558.225716990376,-5686.388627336433
add1_mps,all,11,-5733.99299159356,-5508.068755815121
add1_mps,all,12,-5486.971380031294,-5764.022526604192
add1_mps,all,13,-5689.06402128156,-5550.452025186693
add1_mps,all,14,-5593.318159935358,-5649.548872315888
add1_mps,all,15,-5695.193218344647,-5537.957811963612
add1_mps,all,16,-5630.10607618331,-5622.766950411576
add1_mps,all,17,-5733.044899872124,-5521.178369932
add1_mps,all,18,-5813.524419981211,-5430.91953777513
add1_mps,all,19,-5695.570738222178,-5555.705414945605
add1_mps,all,20,-5597.48621391762,-5638.147309677727
add1_mps,all,21,-5582.709050606365,-5674.821168830879
add1_mps,all,22,-5723.660826159631,-5515.735300006265
add1_mps,all,23,-5619.205264948043,-5627.64442501301
add1_mps,all,24,-5439.655269109306,-5798.984655205855
add1_mps,all,25,-5547.273946232919,-5695.678293450819
add1_mps,all,26,-5713.487630064159,-5525.937938892189
add1_mps,all,27,-5655.082415353192,-5583.696210721202
add1_mps,all,28,-5519.573219858979,-5709.006141193421
add1_mps,all,29,-5633.088921246119,-5610.850220642599
add1_mps,all,30,-5552.661907722634,-5679.2908822635
add1_mps,all,31,-5792.929616215768,-5457.354721700666
add1_mps,all,32,-5631.741852096408,-5605.899938891607
add1_mps,all,33,-5498.6264524082335,-5744.61166786986
add1_mps,all,34,-5576.230217332857,-5659.368220430689
add1_mps,all,35,-5721.605064537173,-5508.11092106509
add1_mps,all,36,-5742.059903701015,-5486.46682305315
add1_mps,all,37,-5575.149600926316,-5677.432263298071
add1_mps,all,38,-5619.117586055692,-5621.595340776401
add1_mps,all,39,-5631.557642675004,-5628.156674969853
add1_mps,all,40,-5727.8066739338055,-5513.774962492712
add1_mps,all,41,-5545.135341706891,-5688.213040932927
add1_mps,all,42,-5542.65754371459,-5707.996489233449
add1_mps,all,43,-5628.659766865076,-5627.765195913544
add1_mps,all,44,-5520.4520319462845,-5719.877668492068
add1_mps,all,45,-5626.6652698025055,-5620.806499456798
add1_mps,all,46,-5617.63183738873,-5628.013732915896
add1_mps,all,47,-5603.893437682595,-5646.896790794477
add1_mps,all,48,-5696.623277320439,-5544.019210936763
add1_mps,all,49,-5536.961950330696,-5684.927110661416
add1_mp,all,0,-5685.709205632458,-5550.3512973866045
add1_mp,all,1,-5675.225728354313,-5575.504432742034
add1_mp,all,2,-5878.782125257586,-5366.639571786664
add1_mp,all,3,-5790.669591108232,-5464.942446972724
add1_mp,all,4,-5346.084413898776,-5896.918862732871
add1_mp,all,5,-5529.165323947538,-5713.956281899541
add1_mp,all,6,-5524.188246434708,-5707.73233638066
add1_mp,all,7,-5630.089234245414,-5624.3765237918815
add1_mp,all,8,-5643.109330453321,-5587.900789706131
add1_mp,all,9,-5580.293580480102,-5672.545338530123
add1_mp,all,10,-5557.458540240119,-5684.606672941194
add1_mp,all,11,-5739.616896271566,-5511.930554463972
add1_mp,all,12,-5487.891920673081,-5747.215292267135
add1_mp,all,13,-5687.511853742603,-5540.479232860928
add1_mp,all,14,-5592.926804868268,-5645.981798772045
add1_mp,all,15,-5701.529155384047,-5549.757025951415
add1_mp,all,16,-5633.402840845886,-5620.8322372041575
add1_mp,all,17,-5720.390765065557,-5517.6817136934615
add1_mp,all,18,-5806.960302823668,-5436.67751929797
add1_mp,all,19,-5696.151754333898,-5549.053828353839
add1_mp,all,20,-5605.16700732908,-5647.909724452323
add1_mp,all,21,-5570.591912790598,-5661.5264683945625
add1_mp,all,22,-5722.921802149208,-5500.560504985792
add1_mp,all,23,-5610.084757266398,-5618.806893700525
add1_mp,all,24,-5447.260212109801,-5798.394434603806
add1_mp,all,25,-5557.3406235594775,-5685.236327761559
add1_mp,all,26,-5722.495943274578,-5517.40225399662
add1_mp,all,27,-5658.364132309389,-5596.299104623175
add1_mp,all,28,-5527.207847372647,-5714.631263738047
add1_mp,all,29,-5641.300631666335,-5612.896290669581
add1_mp,all,30,-5554.548864061587,-5690.506036751527
add1_mp,all,31,-5786.844728351868,-5464.924768802749
add1_mp,all,32,-5628.716656458813,-5606.072251135265
add1_mp,all,33,-5503.419561259972,-5752.214516998568
add1_mp,all,34,-5580.190651341484,-5660.038103205544
add1_mp,all,35,-5721.631487252281,-5516.109916058731
add1_mp,all,36,-5761.998280644259,-5496.93015267625
add1_mp,all,37,-5577.667058962416,-5668.146896605319
add1_mp,all,38,-5631.811051874564,-5617.633792348678
add1_mp,all,39,-5631.072946684967,-5623.348387804256
add1_mp,all,40,-5725.809269716895,-5509.816788905742
add1_mp,all,41,-5563.262224333382,-5676.579983836537
add1_mp,all,42,-5536.66524995708,-5688.674734256946
add1_mp,all,43,-5626.573534271653,-5626.402385299126
add1_mp,all,44,-5523.320007534516,-5720.269526506178
add1_mp,all,45,-5627.893717744871,-5616.553297096824
add1_mp,all,46,-5611.239198163205,-5632.665992470324
add1_mp,all,47,-5602.310187704998,-5653.943434470695
add1_mp,all,48,-5704.2432461701,-5550.382407772975
add1_mp,all,49,-5544.859339545552,-5688.959383998253
add1_m,all,0,-5680.88613977415,-5551.519547094195
add1_m,all,1,-5673.510900016814,-5576.442603862372
add1_m,all,2,-5877.959216889813,-5365.0023493334
add1_m,all,3,-5786.393332986276,-5456.018512105469
add1_m,all,4,-5344.840907741952,-5904.384507421144
add1_m,all,5,-5527.402527006397,-5711.056739392823
add1_m,all,6,-5528.593714893567,-5703.346110247951
add1_m,all,7,-5632.163861688308,-5639.689307691129
add1_m,all,8,-5655.395046935534,-5594.014759299278
add1_m,all,9,-5576.1407892804455,-5657.700962354496
add1_m,all,10,-5549.817098518192,-5683.807380457098
add1_m,all,11,-5741.875786917299,-5504.101616686303
add1_m,all,12,-5491.400696004553,-5760.47935425517
add1_m,all,13,-5691.990764327396,-5554.9300504365565
add1_m,all,14,-5596.85138184285,-5651.110100990775
add1_m,all,15,-5693.6965952865685,-5537.100635104044
add1_m,all,16,-5633.847080222076,-5619.608931996319
add1_m,all,17,-5731.232535306254,-5524.61528560395
add1_m,all,18,-5810.941038591955,-5444.6899925341
add1_m,all,19,-5701.2632160266085,-5566.7660986299925
add1_m,all,20,-5603.33196087499,-5652.924526644699
add1_m,all,21,-5580.461055572454,-5664.83596711291
add1_m,all,22,-5717.94982677063,-5510.386429376901
add1_m,all,23,-5614.00199471926,-5620.148613299421
add1_m,all,24,-5440.906994847722,-5799.6616372234985
add1_m,all,25,-5548.602014828651,-5691.017295212811
add1_m,all,26,-5715.801102683631,-5520.317404360494
add1_m,all,27,-5660.672835306092,-5584.610827394944
add1_m,all,28,-5526.756010381838,-5702.665883179883
add1_m,all,29,-5633.4461880364,-5611.827752446034
add1_m,all,30,-5555.569141482778,-5674.9076172962095
add1_m,all,31,-5793.050709167882,-5461.0272615534
add1_m,all,32,-5628.998778608025,-5611.333388807153
add1_m,all,33,-5493.063662556016,-5743.861402085714
add1_m,all,34,-5572.434378304783,-5661.666390275149
add1_m,all,35,-5723.320164619913,-5506.150893941655
add1_m,all,36,-5746.611512848446,-5493.4187517804485
add1_m,all,37,-5576.14236129126,-5670.460391527142
add1_m,all,38,-5615.80769928841,-5619.428678400795
add1_m,all,39,-5628.690936718898,-5621.327262883672
add1_m,all,40,-5720.425113494034,-5498.648252012364
add1_m,all,41,-5559.28924912702,-5691.955771510718
add1_m,all,42,-5540.110462923829,-5690.946547184557
add1_m,all,43,-5618.528008086135,-5622.140830518142
add1_m,all,44,-5518.28272819574,-5717.697106234199
add1_m,all,45,-5621.866581929988,-5628.941923545974
add1_m,all,46,-5617.713341248112,-5635.919888797013
add1_m,all,47,-5600.1860393282805,-5645.0315666202805
add1_m,all,48,-5698.093230733941,-5544.908483959414
add1_m,all,49,-5547.694424573114,-5688.424518997416
add1_psm,all,0,-5674.827554412107,-5555.007365066937
add1_psm,all,1,-5669.85633876856,-5565.479694960664
add1_psm,all,2,-5876.508763921338,-5368.9383003273215
add1_psm,all,3,-5786.70433307917,-5454.654270102997
add1_psm,all,4,-5343.939722159666,-5893.703482273909
add1_psm,all,5,-5529.912687436823,-5709.308758259745
add1_psm,all,6,-5524.820172370916,-5708.622121992892
add1_psm,all,7,-5640.996690938621,-5634.512222867485
add1_psm,all,8,-5669.751364001729,-5585.009904813465
add1_psm,all,9,-5574.3147319605805,-5657.847788328512
add1_psm,all,10,-5559.733105435237,-5678.1648548007415
add1_psm,all,11,-5743.555859668401,-5521.2268527949145
add1_psm,all,12,-5492.994708543583,-5750.558373709599
add1_psm,all,13,-5691.11999043285,-5540.539402274182
add1_psm,all,14,-5589.975805010467,-5658.139433895838
add1_psm,all,15,-5704.923394827441,-5547.637926073587
add1_psm,all,16,-5629.982455388141,-5615.090258582107
add1_psm,all,17,-5720.677710072907,-5512.825785202488
add1_psm,all,18,-5812.989478383535,-5442.361232917171
add1_psm,all,19,-5696.930103485071,-5561.290726053859
add1_psm,all,20,-5600.939116675008,-5632.219001384058
add1_psm,all,21,-5580.409828592882,-5667.414461819938
add1_psm,all,22,-5718.561571445192,-5507.120394311545
add1_psm,all,23,-5619.614265075454,-5630.661430291364
add1_psm,all,24,-5450.586685004254,-5800.056613634158
add1_psm,all,25,-5548.614407468151,-5684.79824022169
add1_psm,all,26,-5726.6040959703205,-5536.471827581069
add1_psm,all,27,-5661.956342695827,-5591.077168399249
add1_psm,all,28,-5522.136255518423,-5710.367120741527
add1_psm,all,29,-5629.14292986401,-5608.763897176874
add1_psm,all,30,-5557.722913896427,-5681.416091929377
add1_psm,all,31,-5789.963534936108,-5446.479664128225
add1_psm,all,32,-5627.216881230595,-5595.492755594724
add1_psm,all,33,-5500.343408086306,-5745.985390402808
add1_psm,all,34,-5579.557620339786,-5661.0106220684365
add1_psm,all,35,-5725.567368439294,-5512.241493274118
add1_psm,all,36,-5750.834556821927,-5492.209016083322
add1_psm,all,37,-5576.8197895872845,-5665.643272758492
add1_psm,all,38,-5629.57389396935,-5612.952746540253
add1_psm,all,39,-5627.575925664083,-5620.1793552711815
add1_psm,all,40,-5731.121136782087,-5511.51194902864
add1_psm,all,41,-5554.68274076019,-5689.619297955861
add1_psm,all,42,-5543.711511863582,-5702.498336298869
add1_psm,all,43,-5635.12326638788,-5626.472943593219
add1_psm,all,44,-5526.564271375607,-5728.023127827365
add1_psm,all,45,-5628.6604559153175,-5609.535841704365
add1_psm,all,46,-5614.5926335151935,-5628.035673003563
add1_psm,all,47,-5606.277878931797,-5651.259512654351
add1_psm,all,48,-5710.191276871095,-5553.390094722034
add1_psm,all,49,-5550.2320910897615,-5689.893630292941
add1_ps,all,0,-5677.531247707689,-5559.372538191923
add1_ps,all,1,-5666.6313139657095,-5568.078232761598
add1_ps,all,2,-5866.864231162593,-5367.093037113709
add1_ps,all,3,-5793.380499615737,-5461.09500223014
add1_ps,all,4,-5349.950945793808,-5900.661924649376
add1_ps,all,5,-5539.563417260292,-5718.627900893786
add1_ps,all,6,-5540.65163005442,-5710.413226784091
add1_ps,all,7,-5630.785699559464,-5618.255493105107
add1_ps,all,8,-5666.691412436356,-5585.135506710664
add1_ps,all,9,-5572.26851050655,-5657.913724841879
add1_ps,all,10,-5558.741378006188,-5690.646443386045
add1_ps,all,11,-5738.365759198543,-5513.131766290544
add1_ps,all,12,-5482.7874084833065,-5746.622680559766
add1_ps,all,13,-5701.64065050984,-5542.452435934477
add1_ps,all,14,-5593.170919532306,-5641.531995893667
add1_ps,all,15,-5708.8454362343255,-5548.813320092105
add1_ps,all,16,-5633.866117904976,-5612.106896281376
add1_ps,all,17,-5716.628826640373,-5519.37460482372
add1_ps,all,18,-5815.513178421244,-5436.527810625926
add1_ps,all,19,-5693.581624662197,-5556.815549743794
add1_ps,all,20,-5599.453683808109,-5640.724743562568
add1_ps,all,21,-5580.809362551354,-5679.308503791936
add1_ps,all,22,-5722.002308490573,-5508.661115550249
add1_ps,all,23,-5611.167227416225,-5623.835799286493
add1_ps,all,24,-5454.473847479195,-5796.913362018822
add1_ps,all,25,-5543.921667145163,-5691.071030631712
add1_ps,all,26,-5728.520925748444,-5523.288925758572
add1_ps,all,27,-5652.757195402614,-5589.425845254773
add1_ps,all,28,-5520.868151414387,-5710.4589308773
add1_ps,all,29,-5637.620370731743,-5617.805426997334
add1_ps,all,30,-5561.403792374888,-5669.843654503341
add1_ps,all,31,-5783.441795894663,-5445.738721359481
add1_ps,all,32,-5634.867931342177,-5607.960690215619
add1_ps,all,33,-5503.592880954874,-5742.296195030579
add1_ps,all,34,-5573.017628723292,-5659.054200457088
add1_ps,all,35,-5723.93057690656,-5524.241074309389
add1_ps,all,36,-5749.854709113411,-5485.1549410918
add1_ps,all,37,-5582.550666351253,-5666.105575320814
add1_ps,all,38,-5630.020602742854,-5613.458722252927
add1_ps,all,39,-5627.306337283056,-5625.853616072873
add1_ps,all,40,-5718.2198660387785,-5507.526777029764
add1_ps,all,41,-5555.332592244748,-5689.535929213261
add1_ps,all,42,-5547.81260948026,-5697.889112399192
add1_ps,all,43,-5622.48346898575,-5626.635218859423
add1_ps,all,44,-5512.970255798909,-5726.528132250644
add1_ps,all,45,-5625.546493317044,-5617.981197157585
add1_ps,all,46,-5615.32129256082,-5633.162798274745
add1_ps,all,47,-5602.566636567131,-5647.940633249551
add1_ps,all,48,-5697.96612043417,-5550.326460291316
add1_ps,all,49,-5542.580842545354,-5691.539660913648
add1_pms,all,0,-5678.35732200301,-5563.11168033096
add1_pms,all,1,-5662.335854479975,-5573.848619377672
add1_pms,all,2,-5882.076785494967,-5364.174995925288
add1_pms,all,3,-5784.352562053168,-5458.58496064004
add1_pms,all,4,-5347.37641792409,-5901.862342368622
add1_pms,all,5,-5526.207812697385,-5715.470283950781
add1_pms,all,6,-5525.653368523368,-5703.627842598721
add1_pms,all,7,-5627.46600596068,-5628.309400420822
add1_pms,all,8,-5661.945035869265,-5581.116665476088
add1_pms,all,9,-5570.924513180424,-5660.42250311389
add1_pms,all,10,-5554.682108805254,-5687.638961590272
add1_pms,all,11,-5742.316918133328,-5515.905975143761
add1_pms,all,12,-5501.869253106786,-5755.856242061003
add1_pms,all,13,-5697.3521219303175,-5548.032637152815
add1_pms,all,14,-5586.078853200963,-5651.396433531228
add1_pms,all,15,-5687.742044590162,-5551.723781180067
add1_pms,all,16,-5632.4860258383,-5610.1319915049935
add1_pms,all,17,-5725.041386271702,-5522.073735882558
add1_pms,all,18,-5811.222408674698,-5442.845247538443
add1_pms,all,19,-5693.464889999371,-5555.7683867842325
add1_pms,all,20,-5603.84165225572,-5643.268009424312
add1_pms,all,21,-5573.616700170735,-5660.142038501697
add1_pms,all,22,-5732.729707180936,-5512.115978265338
add1_pms,all,23,-5619.701322590951,-5627.316233035886
add1_pms,all,24,-5445.2559335096175,-5793.588496316911
add1_pms,all,25,-5550.436303968556,-5694.377488920739
add1_pms,all,26,-5721.548020552787,-5515.418657942141
add1_pms,all,27,-5652.88962735869,-5586.035031461092
add1_pms,all,28,-5514.756113129709,-5716.99833715637
add1_pms,all,29,-5638.774276765536,-5618.385905772276
add1_pms,all,30,-5565.3865920738335,-5677.852230503684
add1_pms,all,31,-5795.931059043697,-5448.439896753841
add1_pms,all,32,-5632.132857208319,-5604.0782891772415
add1_pms,all,33,-5491.603410423411,-5740.607575842514
add1_pms,all,34,-5572.298847396978,-5660.076351816673
add1_pms,all,35,-5714.166999346128,-5512.897946253719
add1_pms,all,36,-5749.137944758384,-5489.373015901422
add1_pms,all,37,-5575.271806377378,-5669.469312015588
add1_pms,all,38,-5624.264600771272,-5628.177557081817
add1_pms,all,39,-5625.821456378751,-5628.41365214922
add1_pms,all,40,-5731.364111048358,-5508.70189042309
add1_pms,all,41,-5549.538938749031,-5689.719688984499
add1_pms,all,42,-5544.763129686856,-5696.213268271494
add1_pms,all,43,-5619.331825356431,-5620.273137912687
add1_pms,all,44,-5512.614017556527,-5722.821788392983
add1_pms,all,45,-5624.33448280809,-5621.541556217399
add1_pms,all,46,-5607.507217034453,-5631.119252418686
add1_pms,all,47,-5602.181861125686,-5652.012172778803
add1_pms,all,48,-5699.435803376764,-5557.426781893549
add1_pms,all,49,-5556.217405755273,-5692.044582366575
add1_pm,all,0,-5678.268865319064,-5558.332428469041
add1_pm,all,1,-5669.157142346711,-5571.653235834702
add1_pm,all,2,-5881.240565827254,-5359.06391830689
add1_pm,all,3,-5788.870837691639,-5451.0126872915525
add1_pm,all,4,-5338.965775231982,-5898.20285146649
add1_pm,all,5,-5530.897692413128,-5709.295405740536
add1_pm,all,6,-5528.58225400734,-5711.469955919698
add1_pm,all,7,-5630.934042499449,-5624.190342292846
add1_pm,all,8,-5655.099259989107,-5590.789250443971
add1_pm,all,9,-5569.895551546819,-5658.733211334814
add1_pm,all,10,-5560.362054510586,-5684.776847400328
add1_pm,all,11,-5741.616551403818,-5513.276783683525
add1_pm,all,12,-5481.116216491596,-5752.226262299169
add1_pm,all,13,-5701.005176588564,-5537.853076588864
add1_pm,all,14,-5592.628375426203,-5657.285629250648
add1_pm,all,15,-5700.594901970658,-5533.3831852469375
add1_pm,all,16,-5628.520083179165,-5614.167518921968
add1_pm,all,17,-5731.383102663155,-5514.983108376338
add1_pm,all,18,-5810.992694746525,-5444.373543501808
add1_pm,all,19,-5697.393580064536,-5560.123584901623
add1_pm,all,20,-5591.411629933399,-5643.542612904787
add1_pm,all,21,-5587.2212178180125,-5662.258518945252
add1_pm,all,22,-5725.17666564674,-5512.903924672302
add1_pm,all,23,-5614.254260802264,-5626.6199492842725
add1_pm,all,24,-5435.103032985265,-5796.316869565331
add1_pm,all,25,-5552.810376236304,-5684.447806457129
add1_pm,all,26,-5718.1812824862245,-5521.626017035606
add1_pm,all,27,-5664.356249665916,-5587.023680953947
add1_pm,all,28,-5521.710340133847,-5723.790574501153
add1_pm,all,29,-5626.565376460314,-5613.506259017477
add1_pm,all,30,-5564.077681601557,-5677.312242696755
add1_pm,all,31,-5798.531015460476,-5470.302413724598
add1_pm,all,32,-5630.288642930121,-5608.020187183996
add1_pm,all,33,-5501.712986844807,-5741.918230055127
add1_pm,all,34,-5583.732850023883,-5677.783324130812
add1_pm,all,35,-5722.374476095735,-5512.5580518627285
add1_pm,all,36,-5746.710600408541,-5490.394720637421
add1_pm,all,37,-5576.837435637878,-5676.338623864558
add1_pm,all,38,-5634.108805258284,-5614.79714056054
add1_pm,all,39,-5628.586144219336,-5616.913314977507
add1_pm,all,40,-5730.181411181217,-5505.540799834391
add1_pm,all,41,-5556.5649944377965,-5694.14611994563
add1_pm,all,42,-5545.298499196539,-5700.640756119638
add1_pm,all,43,-5621.3172256288135,-5609.029555353392
add1_pm,all,44,-5522.639687733492,-5716.094663851961
add1_pm,all,45,-5619.24727494321,-5618.623961684133
add1_pm,all,46,-5613.100057481218,-5622.687040747784
add1_pm,all,47,-5598.243779309051,-5639.256547814788
add1_pm,all,48,-5697.113003981637,-5553.743368848178
add1_pm,all,49,-5549.723675406081,-5687.12262334022
add1_p,all,0,-5683.3730025687,-5554.609144785468
add1_p,all,1,-5666.528054056636,-5568.84403921761
add1_p,all,2,-5880.7138772233175,-5360.063650392698
add1_p,all,3,-5788.988250833265,-5457.545019115911
add1_p,all,4,-5354.923385550426,-5902.72620145114
add1_p,all,5,-5527.258423676487,-5703.711834923024
add1_p,all,6,-5532.969117713544,-5712.950255292713
add1_p,all,7,-5623.552974348926,-5627.672964639377
add1_p,all,8,-5656.368480890469,-5579.899808319993
add1_p,all,9,-5579.883384080172,-5659.252082483486
add1_p,all,10,-5556.66146170511,-5685.180418475113
add1_p,all,11,-5733.301477854578,-5517.71913174907
add1_p,all,12,-5484.625766412605,-5762.806531611143
add1_p,all,13,-5697.464817109409,-5547.531592375781
add1_p,all,14,-5598.121232218811,-5650.876766862024
add1_p,all,15,-5701.125874584459,-5540.637186922732
add1_p,all,16,-5636.177812929144,-5620.686259835242
add1_p,all,17,-5726.572339411644,-5522.504171164225
add1_p,all,18,-5806.889646819622,-5439.6618939784885
add1_p,all,19,-5694.796925740258,-5553.423152805425
add1_p,all,20,-5607.860816307589,-5638.268845431473
add1_p,all,21,-5587.965965170409,-5668.281069352109
add1_p,all,22,-5715.514776221501,-5513.068945589934
add1_p,all,23,-5604.253157739412,-5623.457529809223
add1_p,all,24,-5457.879166923323,-5792.818881446952
add1_p,all,25,-5553.239802440873,-5682.741392651728
add1_p,all,26,-5710.9493646676265,-5533.085702472512
add1_p,all,27,-5661.9244958495965,-5587.663425190612
add1_p,all,28,-5525.349489873261,-5708.594231686733
add1_p,all,29,-5631.48032591169,-5616.519448474257
add1_p,all,30,-5552.694179284427,-5680.657540442657
add1_p,all,31,-5790.745464371588,-5446.092373297223
add1_p,all,32,-5636.142608633818,-5616.396880425597
add1_p,all,33,-5497.809131521338,-5746.979626696113
add1_p,all,34,-5578.580742005116,-5666.12804187622
add1_p,all,35,-5727.5964877901415,-5512.28128178569
add1_p,all,36,-5754.268864152877,-5488.101478532458
add1_p,all,37,-5573.988344134852,-5674.367230815953
add1_p,all,38,-5627.6425541016215,-5625.693705876334
add1_p,all,39,-5631.322865265766,-5620.413269712924
add1_p,all,40,-5727.876255927281,-5505.098582515253
add1_p,all,41,-5555.861902151157,-5698.057373825231
add1_p,all,42,-5556.397062090809,-5703.059846698183
add1_p,all,43,-5615.916854016058,-5619.442302439557
add1_p,all,44,-5518.561841186665,-5722.753902101848
add1_p,all,45,-5626.185998313768,-5616.220260233913
add1_p,all,46,-5617.663866054089,-5633.053794294249
add1_p,all,47,-5602.896420689439,-5648.310585433845
add1_p,all,48,-5690.2774508125885,-5551.313334565693
add1_p,all,49,-5552.267224575352,-5692.696777649244
base_strats,joint_strats,0,-5510.079909412912,-5442.038094172807
base_strats,joint_strats,1,-5518.334716561334,-5451.884179707051
base_strats,joint_strats,2,-5705.937490155601,-5241.862074060749
base_strats,joint_strats,3,-5623.961940050855,-5332.061567463413
base_strats,joint_strats,4,-5169.893314607725,-5776.931622273301
base_strats,joint_strats,5,-5417.202206244738,-5621.946479219029
base_strats,joint_strats,6,-5429.461444410588,-5610.755792125253
base_strats,joint_strats,7,-5459.203161668356,-5492.815236418479
base_strats,joint_strats,8,-5553.985401680983,-5483.109405575719
base_strats,joint_strats,9,-5457.726071398259,-5585.489612810726
base_strats,joint_strats,10,-5447.581405453797,-5599.386576422186
base_strats,joint_strats,11,-5634.284194537076,-5407.809495956326
base_strats,joint_strats,12,-5330.279759342087,-5629.131389554934
base_strats,joint_strats,13,-5588.36664121673,-5450.842502388187
base_strats,joint_strats,14,-5480.263358078972,-5541.784072628574
base_strats,joint_strats,15,-5598.330913647736,-5440.689791629749
base_strats,joint_strats,16,-5506.054480175495,-5523.129424165031
base_strats,joint_strats,17,-5611.997739511156,-5423.9099678183165
base_strats,joint_strats,18,-5693.728811556324,-5331.234569036353
base_strats,joint_strats,19,-5576.619681326241,-5431.900271650754
base_strats,joint_strats,20,-5506.336954269598,-5559.125842518973
base_strats,joint_strats,21,-5469.1540114086265,-5554.136315617709
base_strats,joint_strats,22,-5619.23167315301,-5412.903579301139
base_strats,joint_strats,23,-5455.28006248629,-5499.131045414338
base_strats,joint_strats,24,-5317.193165350176,-5684.165301039011
base_strats,joint_strats,25,-5434.011544149041,-5606.403234555947
base_strats,joint_strats,26,-5610.55476242255,-5409.497746443104
base_strats,joint_strats,27,-5527.057012523281,-5489.155005941274
base_strats,joint_strats,28,-5394.947360836689,-5615.788784080926
base_strats,joint_strats,29,-5525.214668735903,-5515.784591654707
base_strats,joint_strats,30,-5452.688420286973,-5589.547373378555
base_strats,joint_strats,31,-5682.043381417542,-5354.202674632843
base_strats,joint_strats,32,-5526.863542543936,-5500.525428907732
base_strats,joint_strats,33,-5374.010526142671,-5650.02378644997
base_strats,joint_strats,34,-5418.229205315047,-5542.693961573898
base_strats,joint_strats,35,-5617.564789680192,-5431.015278655581
base_strats,joint_strats,36,-5634.13032005674,-5400.483878285113
base_strats,joint_strats,37,-5463.423572085662,-5545.991307007567
base_strats,joint_strats,38,-5544.8797885420845,-5521.505138113217
base_strats,joint_strats,39,-5517.637034247355,-5505.602402600895
base_strats,joint_strats,40,-5612.483752370048,-5427.270249964085
base_strats,joint_strats,41,-5420.326320454476,-5578.749613372613
base_strats,joint_strats,42,-5435.711709745439,-5599.277333365693
base_strats,joint_strats,43,-5515.797356581497,-5525.235748181099
base_strats,joint_strats,44,-5414.496017394536,-5618.647658335824
base_strats,joint_strats,45,-5499.135192993134,-5466.538074477618
base_strats,joint_strats,46,-5467.9044824283765,-5520.774619176214
base_strats,joint_strats,47,-5451.622097147772,-5511.401159916375
base_strats,joint_strats,48,-5551.763731201672,-5422.472292696904
base_strats,joint_strats,49,-5450.095963692193,-5602.420931518825
rules,joint_strats,0,-5820.870748906484,-5776.652299389223
rules,joint_strats,1,-5793.469507785513,-5744.616515199052
rules,joint_strats,2,-6008.390360575084,-5552.431386368647
rules,joint_strats,3,-5898.595621906008,-5658.131105143742
rules,joint_strats,4,-5524.346252802919,-6079.431269503054
rules,joint_strats,5,-5648.482599514802,-5905.762469833745
rules,joint_strats,6,-5697.924083894727,-5856.264390881675
rules,joint_strats,7,-5762.679700361158,-5803.981802157483
rules,joint_strats,8,-5797.634360490716,-5746.714049128356
rules,joint_strats,9,-5680.509324383137,-5876.464087735321
rules,joint_strats,10,-5732.920382684188,-5820.90309348026
rules,joint_strats,11,-5846.325735524837,-5729.782180397797
rules,joint_strats,12,-5646.566395127645,-5928.430020898333
rules,joint_strats,13,-5828.363625014533,-5740.723803880064
rules,joint_strats,14,-5734.097795052109,-5799.886253225682
rules,joint_strats,15,-5854.077405347201,-5720.430664802404
rules,joint_strats,16,-5762.708538791519,-5819.495693164843
rules,joint_strats,17,-5853.760811760576,-5680.69792470779
rules,joint_strats,18,-5935.27134412991,-5620.898658121624
rules,joint_strats,19,-5921.153504958305,-5659.863572167364
rules,joint_strats,20,-5759.084006495348,-5806.313820804501
rules,joint_strats,21,-5798.966039136043,-5767.226455870449
rules,joint_strats,22,-5856.158277395107,-5691.5647503800565
rules,joint_strats,23,-5764.1688642368645,-5808.593077533308
rules,joint_strats,24,-5567.2119232245495,-5999.102827374155
rules,joint_strats,25,-5714.8688750087285,-5815.223680745756
rules,joint_strats,26,-5919.543923446415,-5653.754638015546
rules,joint_strats,27,-5826.905898877375,-5754.073274327977
rules,joint_strats,28,-5678.437935969833,-5940.488319976376
rules,joint_strats,29,-5757.282536740947,-5793.289738026945
rules,joint_strats,30,-5659.919968186028,-5900.88166660308
rules,joint_strats,31,-5911.78512815807,-5661.15570396081
rules,joint_strats,32,-5769.992692311704,-5769.31365642944
rules,joint_strats,33,-5611.647714431706,-5985.7250533468805
rules,joint_strats,34,-5731.216756461191,-5839.904577431988
rules,joint_strats,35,-5901.672503101097,-5728.930781011155
rules,joint_strats,36,-5863.060107626536,-5656.499619243149
rules,joint_strats,37,-5780.850296031178,-5791.922070456923
rules,joint_strats,38,-5747.241025160434,-5835.933028414458
rules,joint_strats,39,-5814.994976135272,-5734.512897180669
rules,joint_strats,40,-5919.634701869008,-5622.531665220942
rules,joint_strats,41,-5685.538884791527,-5905.942017439052
rules,joint_strats,42,-5715.990964712821,-5832.921224839017
rules,joint_strats,43,-5784.069935916908,-5817.732153387851
rules,joint_strats,44,-5727.060653806345,-5871.471671451363
rules,joint_strats,45,-5763.451242440912,-5796.990361130447
rules,joint_strats,46,-5774.11069521732,-5813.877210097937
rules,joint_strats,47,-5771.942510497141,-5783.970404680928
rules,joint_strats,48,-5885.168315069392,-5672.522148048177
rules,joint_strats,49,-5676.912031064246,-5867.119728447324
base_strats,joint_percept,0,-5206.82372063495,-5234.281526364298
base_strats,joint_percept,1,-5212.894036813837,-5216.780890015779
base_strats,joint_percept,2,-5382.859624801041,-5032.925698246541
base_strats,joint_percept,3,-5308.88377535455,-5127.748408446405
base_strats,joint_percept,4,-4933.591746233496,-5499.513632484097
base_strats,joint_percept,5,-5042.160652558448,-5396.4466586875205
base_strats,joint_percept,6,-5062.627236310072,-5387.825371771864
base_strats,joint_percept,7,-5105.261536257759,-5343.566707137275
base_strats,joint_percept,8,-5189.961910615101,-5229.47178475753
base_strats,joint_percept,9,-5104.680746016804,-5339.7748435061885
base_strats,joint_percept,10,-5071.660840323211,-5369.074938436801
base_strats,joint_percept,11,-5295.304011160186,-5173.837606133835
base_strats,joint_percept,12,-5022.538031261426,-5470.955870667911
base_strats,joint_percept,13,-5206.806964162918,-5226.539321243689
base_strats,joint_percept,14,-5093.093802818142,-5341.825895068952
base_strats,joint_percept,15,-5239.843878427815,-5209.712653245238
base_strats,joint_percept,16,-5185.537140933561,-5265.581134899368
base_strats,joint_percept,17,-5295.102547934843,-5164.0738182973055
base_strats,joint_percept,18,-5358.118251674542,-5083.223342699248
base_strats,joint_percept,19,-5226.598640313867,-5217.236172436211
base_strats,joint_percept,20,-5093.79144752238,-5342.795989510931
base_strats,joint_percept,21,-5147.4787464685,-5319.330359287994
base_strats,joint_percept,22,-5268.82404740864,-5175.012821603296
base_strats,joint_percept,23,-5088.409017243742,-5339.576790367568
base_strats,joint_percept,24,-5002.806768188012,-5387.430588932639
base_strats,joint_percept,25,-5072.845497451953,-5339.749413005439
base_strats,joint_percept,26,-5273.435691775832,-5175.005447598079
base_strats,joint_percept,27,-5179.7715737548215,-5247.146548838696
base_strats,joint_percept,28,-5083.165268134086,-5382.516495499972
base_strats,joint_percept,29,-5163.544168458129,-5268.692409647498
base_strats,joint_percept,30,-5134.784505910394,-5286.972914994833
base_strats,joint_percept,31,-5312.460038273615,-5143.461535593999
base_strats,joint_percept,32,-5162.037793886201,-5265.2984719994565
base_strats,joint_percept,33,-5061.456813882937,-5446.45985722744
base_strats,joint_percept,34,-5149.506879855701,-5274.047160769496
base_strats,joint_percept,35,-5260.3556670645885,-5213.090515530413
base_strats,joint_percept,36,-5295.0084547149145,-5144.9859288838825
base_strats,joint_percept,37,-5115.853021950899,-5304.338808139638
base_strats,joint_percept,38,-5189.082670047756,-5266.25951613109
base_strats,joint_percept,39,-5139.468796759182,-5313.589519988198
base_strats,joint_percept,40,-5263.106628684306,-5170.262638675033
base_strats,joint_percept,41,-5125.8130764050175,-5315.298108633397
base_strats,joint_percept,42,-5101.117510796576,-5356.419852989614
base_strats,joint_percept,43,-5150.304117948303,-5267.0920611291085
base_strats,joint_percept,44,-5028.134234390849,-5420.17267051397
base_strats,joint_percept,45,-5142.460321981248,-5290.322892008684
base_strats,joint_percept,46,-5118.675763966016,-5328.151330027064
base_strats,joint_percept,47,-5091.430020233104,-5324.319594273437
base_strats,joint_percept,48,-5231.923463987369,-5201.985553729142
base_strats,joint_percept,49,-5104.158813934902,-5348.058217957385
rules,joint_percept,0,-5331.144047977903,-5365.894457963658
rules,joint_percept,1,-5292.385070604125,-5375.326618897633
rules,joint_percept,2,-5508.514420723192,-5184.272684885231
rules,joint_percept,3,-5356.658442439689,-5378.647963207782
rules,joint_percept,4,-4960.944053657324,-5716.888812624846
rules,joint_percept,5,-5109.417421372811,-5604.733953956447
rules,joint_percept,6,-5106.699000412545,-5541.5021398693125
rules,joint_percept,7,-5239.62364963267,-5472.873984046783
rules,joint_percept,8,-5330.039464774626,-5417.069101036213
rules,joint_percept,9,-5156.566954622765,-5479.120799508899
rules,joint_percept,10,-5162.689087109374,-5466.4768250868765
rules,joint_percept,11,-5344.327654911253,-5384.708063577295
rules,joint_percept,12,-5119.318630271274,-5581.6120970518805
rules,joint_percept,13,-5270.354560740699,-5407.295528308286
rules,joint_percept,14,-5200.59816112037,-5425.696890319569
rules,joint_percept,15,-5296.287628391187,-5354.527601180596
rules,joint_percept,16,-5229.909029336584,-5381.972430155363
rules,joint_percept,17,-5346.4729509235,-5318.109386204827
rules,joint_percept,18,-5445.378644568223,-5165.418040587307
rules,joint_percept,19,-5391.198775076095,-5275.320106227649
rules,joint_percept,20,-5247.476270528373,-5488.562079552113
rules,joint_percept,21,-5272.455664970628,-5409.788264120302
rules,joint_percept,22,-5320.006784699343,-5363.690756518874
rules,joint_percept,23,-5171.211284498955,-5516.868806242632
rules,joint_percept,24,-5033.664807953541,-5639.676125709495
rules,joint_percept,25,-5200.266045921546,-5460.553709593981
rules,joint_percept,26,-5398.437436137121,-5286.607060983574
rules,joint_percept,27,-5308.517886387729,-5408.444817474989
rules,joint_percept,28,-5107.693444096622,-5567.992978946591
rules,joint_percept,29,-5280.588502714631,-5410.092516595469
rules,joint_percept,30,-5120.078823046481,-5539.830704743096
rules,joint_percept,31,-5318.46745724925,-5291.872645749211
rules,joint_percept,32,-5250.14364118808,-5358.257919408753
rules,joint_percept,33,-5059.018631552107,-5632.693731117124
rules,joint_percept,34,-5158.005274748062,-5441.399623186432
rules,joint_percept,35,-5326.139035646437,-5331.263121377074
rules,joint_percept,36,-5362.967403796119,-5349.127518758458
rules,joint_percept,37,-5253.191642997969,-5388.208712917304
rules,joint_percept,38,-5222.283520419382,-5454.597865263796
rules,joint_percept,39,-5338.386972341301,-5405.564985458545
rules,joint_percept,40,-5416.326352705258,-5287.818496896082
rules,joint_percept,41,-5141.709267224356,-5543.157196994646
rules,joint_percept,42,-5244.497527781359,-5488.936310575906
rules,joint_percept,43,-5199.819368720964,-5489.856756242539
rules,joint_percept,44,-5144.672553707342,-5579.771370164897
rules,joint_percept,45,-5246.246812376683,-5434.0472369211
rules,joint_percept,46,-5259.161136605473,-5480.673444952169
rules,joint_percept,47,-5242.119555350702,-5439.981115115065
rules,joint_percept,48,-5274.481358706919,-5341.215455703395
rules,joint_percept,49,-5106.596337586396,-5557.801281144102
base_strats,individual,0,-5076.156387851476,-5118.707245394989
base_strats,individual,1,-5112.553084404299,-5133.712839865148
base_strats,individual,2,-5287.1533076003125,-4943.985425716788
base_strats,individual,3,-5178.2317754951,-5028.49327124467
base_strats,individual,4,-4832.16177754486,-5415.393169060294
base_strats,individual,5,-4925.540013139146,-5303.5501004693015
base_strats,individual,6,-4971.824441110599,-5293.538371701892
base_strats,individual,7,-4995.5838974658,-5239.493965639574
base_strats,individual,8,-5106.077325268811,-5152.0115656575945
base_strats,individual,9,-5009.8795144618825,-5229.129106747494
base_strats,individual,10,-4953.560578869096,-5277.255147265416
base_strats,individual,11,-5180.867606436246,-5079.188143041558
base_strats,individual,12,-4925.355482612258,-5358.981387115798
base_strats,individual,13,-5116.373464814226,-5134.860943346697
base_strats,individual,14,-5006.680792381941,-5245.371543203952
base_strats,individual,15,-5135.744654000709,-5122.494588138707
base_strats,individual,16,-5094.111409820521,-5159.862045929864
base_strats,individual,17,-5186.540620970351,-5078.981769516696
base_strats,individual,18,-5265.786434159278,-4997.552040590452
base_strats,individual,19,-5133.347647699022,-5138.617141263693
base_strats,individual,20,-5040.490347036187,-5241.8526755818175
base_strats,individual,21,-5032.334660543377,-5196.613955541828
base_strats,individual,22,-5156.147471587868,-5085.051015495391
base_strats,individual,23,-4990.855538751008,-5265.241727102921
base_strats,individual,24,-4915.251632091402,-5335.313102657348
base_strats,individual,25,-4988.311621435412,-5284.432682310951
base_strats,individual,26,-5149.814212975324,-5077.771741345176
base_strats,individual,27,-5082.088331778299,-5159.585096403115
base_strats,individual,28,-4953.661578049633,-5285.8243764430445
base_strats,individual,29,-5059.872318031915,-5154.962840075418
base_strats,individual,30,-5018.876958211141,-5215.607539682924
base_strats,individual,31,-5208.914019048937,-5076.872029446138
base_strats,individual,32,-5080.247504656994,-5162.837416594436
base_strats,individual,33,-4945.986278304889,-5340.509890644724
base_strats,individual,34,-5036.747160139195,-5198.121743049635
base_strats,individual,35,-5130.593478034056,-5130.149590207343
base_strats,individual,36,-5179.367222674662,-5054.989381655046
base_strats,individual,37,-5026.825540756764,-5206.8882518866485
base_strats,individual,38,-5084.654544504841,-5155.809642638434
base_strats,individual,39,-5021.99636008033,-5223.674584436331
base_strats,individual,40,-5162.070260306946,-5112.680017153469
base_strats,individual,41,-4995.448390820096,-5222.726832118033
base_strats,individual,42,-5003.085700553181,-5271.215753359388
base_strats,individual,43,-5063.196075889864,-5184.754467884828
base_strats,individual,44,-4938.8962352904855,-5319.245394756148
base_strats,individual,45,-5055.535462235188,-5210.585303512515
base_strats,individual,46,-5011.578742459838,-5254.258989361007
base_strats,individual,47,-5008.920785199579,-5265.427011976964
base_strats,individual,48,-5123.409624442949,-5115.842574547844
base_strats,individual,49,-4977.492479639602,-5275.313758293296
